PLOT	REP	plot	x	y	block_BS	block_BS.mod	block_BS2	block_BS2.edit	blocking1	blocking3	blocking4	TOTAL_cm	AHOR_cm	REDOX_cm
1	3	1	1	1	A	B	A	A	A	A	A	37.67	25	32
2	3	2	1	2	A	B	A	A	A	A	A	39.33	27.67	26.67
3	3	3	1	3	A	B	A	A	A	A	A	38	22	10
4	3	4	1	4	A	B	A	A	A	A	B	40.67	24.33	27.83
5	3	5	1	5	A	A	A	A	A	A	B	40	25	40
6	3	6	1	6	A	A	A	A	A	A	B	39.67	23	36.5
7	3	7	1	7	A	A	A	A	A	A	C	42.33	23.33	
8	3	8	1	8	A	A	A	A	A	A	C	43.67	30	
9	3	9	1	9					A	A	C	41.33	21.67	15
10	3	10	1	10	A	A	A	A	A	A	D	42.67	23	
11	3	11	1	11						A	D	40.67	17.67	15
12	3	12	1	12	A	A	A	A		A	D	42.33	42.33	
13	3	13	1	13						A	E	41.67	11.33	
14	3	14	1	14	A	A	A	A		A	E	41.33	41	31.5
15	3	15	1	15	A	A	A	A		A	E	42.33	42.33	36
16	3	16	1	16	A	A	A	A		A	F	40.67	40.67	34
17	3	17	1	17	A	A	A	A		A	F	40.33	37.67	36.5
18	3	18	1	18	A	A	A	A		A	F	40.67	40.67	38
19	3	19	2	1	A	B	A	A	A	A	A	41.67	26.67	27.33
20	3	20	2	2	A	B	A	A	A	A	A	35.67	25.5	35
21	3	21	2	3	A	B	A	A	A	A	A	40	25.67	15
22	3	22	2	4	A	B	A	A	A	A	B	40.33	30	29.67
23	3	23	2	5	A	A	A	A	A	A	B	41	34	
24	3	24	2	6	A	A	A	A	A	A	B	43.33	43	
25	3	25	2	7	A	A	A	A	A	A	C	39.33	39.33	30
26	3	26	2	8	A	A	A	A	A	A	C	42.5	42.5	
27	3	27	2	9	A	A	A	A	A	A	C	42.33	42.33	
28	3	28	2	10	A	A	A	A	A	A	D	42.33	42.33	
29	3	29	2	11	A	A	A	A	A	A	D	42.67	42.67	
30	3	30	2	12	A	A	A	A	A	A	D	40.33	40.33	
31	3	31	2	13	A	A	A	A	A	A	E	41.33	41.33	39.33
32	3	32	2	14	A	A	A	A	A	A	E	41.33	41.33	32.33
33	3	33	2	15	A	A	A	A	A	A	E	40.33	40.33	27.33
34	3	34	2	16	A	A	A	A	A	A	F	41	41	39
35	3	35	2	17	A	A	A	A	A	A	F	40.33	40.33	21.67
36	3	36	2	18	A	A	A	A	A	A	F	41	41	32
37	3	37	3	1	A	B	A	A	A	A	A	42.33	32	32.5
38	3	38	3	2	A	B	A	A	A	A	A	40	28.67	29
39	3	39	3	3	A	B	A	A	A	A	A	39.67	25.67	33.67
40	3	40	3	4	A	B	A	A	A	A	B	38.67	33.33	38
41	3	41	3	5	A	A	A	A	A	A	B	42	33.67	22
42	3	42	3	6	A	A	A	A	A	A	B	40	37.33	33
43	3	43	3	7	A	A	A	A	A	A	C	41.33	38.33	39
44	3	44	3	8	A	A	A	A	A	A	C	43	41.67	43
45	3	45	3	9	A	A	A	A	A	A	C	43.33	43.33	
46	3	46	3	10	A	A	A	A	A	A	D	41.67	41.67	40
47	3	47	3	11	A	A	A	A	A	A	D	41	40.67	16
48	3	48	3	12	A	A	A	A	A	A	D	40.33	40	21
49	3	49	3	13	A	A	A	A	A	A	E	40.33	40.33	7
50	3	50	3	14	A	A	A	A	A	A	E	41.67	41.67	24
51	3	51	3	15	A	A	A	A	A	A	E	41.67	41.67	34
52	3	52	3	16	A	A	A	A	A	A	F	40.67	40.67	23.33
53	3	53	3	17	A	A	A	A	A	A	F	41.33	41.33	33
54	3	54	3	18	A	A	A	A	A	A	F	40	40	28.5
55	3	55	4	1	A	B	A	A	B	A	A	41.33	28.33	35
56	3	56	4	2	A	B	A	A	B	A	A	38	31	
57	3	57	4	3	A	B	A	A	B	A	A	38.33	27	31
58	3	58	4	4	A	B	A	A	A	A	B	42	29	38
59	3	59	4	5	A	A	A	A	A	A	B	43	31	
60	3	60	4	6	A	A	A	A	A	A	B	43	35	40
61	3	61	4	7	A	A	A	A	A	A	C	41.33	33	8
62	3	62	4	8	A	A	A	A	A	A	C	40.67	38	
63	3	63	4	9	A	A	A	A	A	A	C	40.33	39.67	
64	3	64	4	10	A	A	A	A	A	A	D	40.33	39	26.5
65	3	65	4	11	A	A	A	A	A	A	D	40.33	37.33	22
66	3	66	4	12	A	A	A	A	A	A	D	41	41	32
67	3	67	4	13	A	A	A	A	A	A	E	42.33	38.33	23
68	3	68	4	14	A	A	A	A	A	A	E	40.67	40.67	31.33
69	3	69	4	15	A	A	A	A	A	A	E	39.67	39.67	40
70	3	70	4	16	A	A	A	A	A	A	F	40.33	40.33	20
71	3	71	4	17	A	A	A	A	A	A	F	40.33	40.33	18.67
72	3	72	4	18	A	A	A	A	A	A	F	41.67	41.67	19.67
73	3	73	5	1	B	B	A	A	B	B	A	42	27.33	23.67
74	3	74	5	2	B	B	A	A	B	B	A	40.67	31.67	34
75	3	75	5	3	B	B	A	A	B	B	A	39.67	27.67	26
76	3	76	5	4	B	B	A	A	B	B	B	40	28.67	
77	3	77	5	5	B	B	A	A	B	B	B	42.67	28.67	19.5
78	3	78	5	6	B	B	A	A	B	B	B	41	27.33	
79	3	79	5	7	B	B	A	A	B	B	C	39	32	38
80	3	80	5	8	B	B	A	A	B	B	C	39	30	
81	3	81	5	9	B	B	A	A	B	B	C	42	30.67	
82	3	82	5	10	B	B	A	A	B	B	D	40	33.33	30
83	3	83	5	11	B	B	A	A	B	B	D	39.33	35.67	33.5
84	3	84	5	12	B	B	A	A	A	B	D	36.33	36	25
85	3	85	5	13	B	B	A	A	A	B	E	40.67	34.33	
86	3	86	5	14	B	B	A	A	A	B	E	39.33	39.33	34.5
87	3	87	5	15		A	A	A	A	B	E	41	41	20.33
88	3	88	5	16	B	A	B	A	A	B	F	39.67	39.67	27.67
89	3	89	5	17	B	A	B	A	A	B	F	39.33	39.33	26
90	3	90	5	18	B	A	B	A	A	B	F	40.67	40.67	
91	3	91	6	1	B	B	B	A	B	B	A	40.33	27.67	
92	3	92	6	2	B	B	B	A	B	B	A	40	32.33	9
93	3	93	6	3	B	B	B	A	B	B	A	38	26.33	34.5
94	3	94	6	4	B	B	B	A	B	B	B	37.67	25.67	29.33
95	3	95	6	5	B	B	B	A	B	B	B	41.33	25.33	27
96	3	96	6	6	B	B	B	A	B	B	B	40.33	26.33	
97	3	97	6	7	B	B	B	A	B	B	C	40.33	29.33	22
98	3	98	6	8	B	B	B	A	B	B	C	42	31.67	
99	3	99	6	9	B	B	B	A	B	B	C	40.67	33.33	34.5
100	3	100	6	10	B	B	B	A	B	B	D	40	31.67	36
101	3	101	6	11	B	B	B	A	B	B	D	39.67	30.67	5
102	3	102	6	12	B	B	B	A	B	B	D	40	32.67	36
103	3	103	6	13	B	B	B	A	B	B	E	40.67	31	34.67
104	3	104	6	14	B	B	B	A	B	B	E	39.67	35.33	18
105	3	105	6	15	B	A	B	A	B	B	E	40.67	40.67	26
106	3	106	6	16	B	A	B	A	B	B	F	39.67	39.67	38
107	3	107	6	17	B	A	B	A	B	B	F	40.33	40.33	27
108	3	108	6	18	B	A	B	A	B	B	F	40.67	40.67	18
109	3	109	7	1	B	B	B	A	B	B	A	41.67	29.33	31.33
110	3	110	7	2	B	B	B	A	B	B	A	39.67	33.67	32.67
111	3	111	7	3	B	B	B	A	B	B	A	40	32.33	30.67
112	3	112	7	4	B	B	B	A	B	B	B	41	30.33	35.5
113	3	113	7	5					B	B	B	40	24.33	28
114	3	114	7	6	B	B	A	A	B	B	B	40.33	32.67	31
115	3	115	7	7	B	B	A	A	B	B	C	42.67	29.33	35.5
116	3	116	7	8	B	B	A	A	B	B	C	40	29	36
117	2	117	7	9	B	B	A	A	B	B	C	40	27.5	36
118	3	118	7	10	B	B	A	A	B	B	D	41	30.67	16.67
119	3	119	7	11	B	B	A	A	B	B	D	40.33	32.67	40
120	3	120	7	12	B	B	A	A	B	B	D	41	28	25
121	3	121	7	13	B	B	A	A	B	B	E	40	29.33	28
122	3	122	7	14	B	B	A	A	B	B	E	39.67	30	22
123	3	123	7	15	B	A	A	A	B	B	E	43	34	16
124	3	124	7	16	B	A	A	A	B	B	F	40.67	40.33	31
125	3	125	7	17	B	A	A	A	B	B	F	41	41	27
126	3	126	7	18	B	A	A	A	B	B	F	41	41	22
127	3	127	8	1	B	B	A	A	F	B	A	40	33	21.5
128	3	128	8	2	B	B	A	A	F	B	A	33.33	30.33	19
129	3	129	8	3	B	B	A	A	F	B	A	40	26	21.67
130	3	130	8	4	B	B	A	A	B	B	B	39.33	30.33	34
131	3	131	8	5	B	B	A	A	B	B	B	40	29.67	32
132	3	132	8	6	B	B	A	A	B	B	B	40.33	31.33	15
133	3	133	8	7	B	B	A	A	B	B	C	41	28	33
134	3	134	8	8	B	B	A	A	B	B	C	39.67	31	31
135	3	135	8	9	B	B	A	A	B	B	C	40.67	31.67	31.5
136	3	136	8	10	B	B	A	A	B	B	D	41.33	28	25.33
137	3	137	8	11	B	B	A	A	B	B	D	41.33	31.67	13
138	3	138	8	12	B	B	A	A	B	B	D	41.67	31.33	21
139	3	139	8	13					B	B	E	41.33	19.33	16.33
140	3	140	8	14	B	B	A	A	B	B	E	40.67	32.33	20
141	3	141	8	15	B	A	A	A	B	B	E	40	29.33	32.5
142	3	142	8	16	B	A	A	A	B	B	F	41.33	40	
143	3	143	8	17	B	A	A	A	B	B	F	41.33	39.67	
144	3	144	8	18	B	A	A	A	B	B	F	40.67	40.67	
145	3	145	9	1	C	C	A	A	F	C	A	39.33	29.33	33
146	3	146	9	2	C	C	A	A	F	C	A	39.33	33.33	31
147	3	147	9	3	C	C	A	A	F	C	A	41	25	20.67
148	3	148	9	4	C	C	A	A	F	C	B	40.33	22.67	16
149	3	149	9	5	C	C	A	A	F	C	B	40.33	27	19.33
150	3	150	9	6	C	C	A	A	F	C	B	39.67	29.33	22
151	3	151	9	7	C	C	A	A	F	C	C	39.33	29	12
152	3	152	9	8	C	C	A	A	F	C	C	41	29	31
153	3	153	9	9	C	C	A	A	F	C	C	40	28.33	31.33
154	3	154	9	10	C	C	A	A	F	C	D	38.67	30	32.5
155	3	155	9	11	C	C	A	A	F	C	D	39.67	28.33	20.33
156	3	156	9	12	C	C	A	A	F	C	D	40.33	31.67	6
157	3	157	9	13	C	C	A	A	F	C	E	40.67	27.33	14.33
158	3	158	9	14	C	C	A	A	F	C	E	40	26.67	21.33
159	3	159	9	15	C	C	A	A	B	C	E	39.33	30.67	8
160	3	160	9	16	C	C	A	A	B	C	F	41	35.67	39
161	3	161	9	17					B	C	F	40.67	40.67	35.5
162	3	162	9	18					B	C	F	41	41	2
163	3	163	10	1	C	C	A	A	F	C	A	39.33	29.33	38
164	3	164	10	2	C	C	A	A	F	C	A	39.33	28.33	29.33
165	3	165	10	3	C	C	A	A	F	C	A	39.67	27.67	24
166	3	166	10	4	C	C	A	A	F	C	B	39.33	24.67	31
167	3	167	10	5	C	C	A	A	F	C	B	39.33	23	22.33
168	3	168	10	6	C	C	A	A	F	C	B	39	22.67	27
169	3	169	10	7	C	C	A	A	F	C	C	40.33	25.67	18.33
170	3	170	10	8	C	C	A	A	F	C	C	40.33	26.67	29
171	3	171	10	9	C	C	A	A	F	C	C	39.67	27	21.67
172	3	172	10	10	C	C	A	A	F	C	D	39.33	28	28.67
173	3	173	10	11	C	C	A	A	F	C	D	40.33	28.67	35
174	3	174	10	12	C	C	A	A	F	C	D	40.33	29.67	21.5
175	3	175	10	13	C	C	A	A	F	C	E	40	25.33	15.33
176	3	176	10	14	C	C	A	A	F	C	E	39	27.67	6.67
177	4	177	10	15	C	C	A	A	C	C	E	39.5	29.75	21
178	3	178	10	16	C	C	A	A	C	C	F	40	35	26.5
179	3	179	10	17					C	C	F	40	40	33
180	3	180	10	18	C	C	A	A	C	C	F	40.67	40.67	21.67
181	3	181	11	1	C	C	A	A	F	C	A	38.67	27.67	7.5
182	3	182	11	2	C	C	A	A	F	C	A	39.67	26.33	21.5
183	3	183	11	3	C	C	A	A	F	C	A	39	27.33	12
184	3	184	11	4	C	C	A	A	F	C	B	39.67	23.33	14.33
185	3	185	11	5	C	C	A	A	F	C	B	38.33	23.67	16
186	3	186	11	6	C	C	A	A	F	C	B	39	22.67	16.67
187	3	187	11	7	C	C	A	A	F	C	C	40	26.67	13.33
188	3	188	11	8	C	C	A	A	F	C	C	39.33	27	25.33
189	3	189	11	9	C	C	A	A	F	C	C	39.67	30.33	28
190	3	190	11	10	C	C	A	A	F	C	D	40	26.67	37.5
191	3	191	11	11	C	C	A	A	F	C	D	40.33	27.67	35.5
192	3	192	11	12	C	C	A	A	F	C	D	41.33	24.33	23
193	3	193	11	13	C	C	A	A	F	C	E	40.67	22.67	15.67
194	3	194	11	14	C	C	A	A	F	C	E	42	22	3.5
195	3	195	11	15	C	C	A	A	C	C	E	39.33	26	14
196	3	196	11	16	C	C	A	A	C	C	F	39.33	35.33	28
197	3	197	11	17	C	C	A	A	C	C	F	39.33	32.33	21.5
198	3	198	11	18	C	C	A	A	C	C	F	40	38.67	15
199	2	199	12	1	C	C	A	A	F	C	A	39.5	33.5	15
200	2	200	12	2	C	C	A	A	F	C	A	41.5	31	15
201	3	201	12	3	C	C	A	A	F	C	A	39.33	25.33	23
202	3	202	12	4	C	C	A	A	F	C	B	40	25.67	16
203	3	203	12	5	C	C	A	A	F	C	B	40.33	22	13.5
204	3	204	12	6	C	C	A	A	F	C	B	40	25.67	28.5
205	3	205	12	7	C	C	A	A	F	C	C	41.33	28.33	17.67
206	3	206	12	8	C	C	A	A	D	C	C	39.67	25	21
207	3	207	12	9	C	C	A	A	D	C	C	40.67	29	31
208	3	208	12	10	C	C	A	A	D	C	D	40.33	29.67	10
209	3	209	12	11	C	C	A	A	D	C	D	39	26.33	29.33
210	3	210	12	12	C	C	A	A	D	C	D	39	25.67	23
211	3	211	12	13	C	C	A	A	D	C	E	39.33	24	33.67
212	3	212	12	14	C	C	A	A	C	C	E	40	23.33	27.67
213	3	213	12	15	C	C	A	A	C	C	E	36	24	18.33
214	3	214	12	16	C	C	A	A	C	C	F	39.67	32	33
215	3	215	12	17	C	C	A	A	C	C	F	41	28.67	28
216	3	216	12	18	C	C	A	A	C	C	F	40.33	32.67	
217	3	217	13	1					F	D	A	38	32.5	22.5
218	2	218	13	2	D	D	B	B	F	D	A	40	28	15
219	3	219	13	3	D	D	B	B	F	D	A	40.67	25	15.5
220	3	220	13	4					F	D	B	40	15	22.5
221	3	221	13	5	D	D	B	B	F	D	B	40.33	17.67	20
222	3	222	13	6	D	D	B	B	D	D	B	41	27	23
223	2	223	13	7	D	D	B	B	D	D	C	39.5	28.5	24
224	2	224	13	8	D	D	B	B	D	D	C	41	28.5	7
225	2	225	13	9	D	D	B	B	D	D	C	40.5	23.5	25
226	2	226	13	10	D	D	B	B	D	D	D	40.5	24.5	15
227	2	227	13	11	D	D	B	B	D	D	D	40	23.5	27.5
228	2	228	13	12	D	D	B	B	D	D	D	40.5	27	24.5
229	2	229	13	13	D	D	B	B	D	D	E	40.5	26	23
230	2	230	13	14	D	D	B	B	C	D	E	40	19.5	11
231	2	231	13	15	D	D	B	B	C	D	E	40.5	22.5	24.5
232	2	232	13	16	D	D	B	B	C	D	F	40	27.5	30
233	2	233	13	17	D	D	B	B	C	D	F	40.5	28	32
234	2	234	13	18	D	D	B	B	C	D	F	40.5	28.5	38
235	2	235	14	1	D	D	B	B	F	D	A	39.5	28	15
236	2	236	14	2	D	D	B	B	F	D	A	40.5	26	19
237	2	237	14	3	D	D	B	B	F	D	A	39	24	11
238	2	238	14	4	D	D	B	B	F	D	B	39	26.5	17
239	2	239	14	5	D	D	B	B	D	D	B	40.5	24.5	20.5
240	2	240	14	6	D	D	B	B	D	D	B	40	23	21.5
241	2	241	14	7	D	D	B	B	D	D	C	39.5	27	21
242	2	242	14	8	D	D	B	B	D	D	C	41	27	17
243	2	243	14	9	D	D	B	B	D	D	C	39.5	25.5	36.5
244	2	244	14	10	D	D	B	B	D	D	D	39.5	25	23
245	2	245	14	11	D	D	B	B	D	D	D	40	30.5	30.5
246	2	246	14	12	D	D	B	B	D	D	D	39.5	18	25.5
247	2	247	14	13	D	D	B	B	D	D	E	40	28.5	19.5
248	2	248	14	14	D	D	B	B	D	D	E	39.5	20.5	7.5
249	2	249	14	15	D	D	B	B	C	D	E	40.5	26.5	12.5
250	2	250	14	16	D	D	B	B	C	D	F	40	19	20
251	2	251	14	17	D	D	B	B	C	D	F	41	31.5	35
252	2	252	14	18					C	D	F	39.5	33	
253	2	253	15	1	D	D	B	B	F	D	A	36.5	26	13
254	2	254	15	2	D	D	B	B	F	D	A	40	21.5	7
255	2	255	15	3	D	D	B	B	F	D	A	43	23	14
256	2	256	15	4	D	D	B	B	F	D	B	38.5	24	21
257	2	257	15	5	D	D	B	B	D	D	B	36.5	28	9
258	2	258	15	6	D	D	B	B	D	D	B	40	24.5	27
259	2	259	15	7	D	D	B	B	D	D	C	40	27.5	28
260	2	260	15	8	D	D	B	B	D	D	C	38.5	25	16
261	2	261	15	9	D	D	B	B	D	D	C	39	24	25
262	2	262	15	10	D	D	B	B	D	D	D	39.5	22	32
263	2	263	15	11	D	D	B	B	D	D	D	39	26.5	36.5
264	2	264	15	12	D	D	B	B	D	D	D	37	24.5	22.5
265	2	265	15	13	D	D	B	B	D	D	E	37.5	29	11
266	2	266	15	14	D	D	B	B	D	D	E	39	24.5	12
267	2	267	15	15	D	D	B	B	C	D	E	40.5	22.5	17
268	2	268	15	16	D	D	B	B	C	D	F	39.5	21	27
269	2	269	15	17	D	D	B	B	C	D	F	40	24.5	
270	2	270	15	18	D	D	B	B	C	D	F	40.5	31	
271	2	271	16	1	D	D	B	B	F	D	A	40.5	25	16
272	2	272	16	2	D	D	B	B	F	D	A	41	27.5	
273	2	273	16	3	D	D	B	B	F	D	A	38.5	26.5	37
274	2	274	16	4	D	D	B	B	D	D	B	39.5	18	26.5
275	2	275	16	5	D	D	B	B	D	D	B	39	21.5	20.5
276	2	276	16	6	D	D	B	B	D	D	B	40	25.5	21
277	2	277	16	7	D	D	B	B	D	D	C	40	28.5	22.5
278	2	278	16	8	D	D	B	B	D	D	C	40	24	15.5
279	2	279	16	9	D	D	B	B	D	D	C	39.5	23	32
280	2	280	16	10	D	D	B	B	D	D	D	39	26.5	34
281	2	281	16	11	D	D	B	B	D	D	D	39.5	29	10.5
282	2	282	16	12	D	D	B	B	D	D	D	39	26	29.5
283	2	283	16	13	D	D	B	B	D	D	E	39	20	34
284	2	284	16	14	D	D	B	B	D	D	E	36	28	11
285	2	285	16	15	D	D	B	B	C	D	E	38.5	28	12
286	2	286	16	16	D	D	B	B	C	D	F	39	23.5	15
287	2	287	16	17	D	D	B	B	C	D	F	40	24	18.5
288	2	288	16	18	D	D	B	B	C	D	F	39	26.5	23.5
289	2	289	17	1	E	E	B	B	E	E	A	40	30	19
290	2	290	17	2	E	E	B	B	E	E	A	40.5	27	20
291	2	291	17	3	E	E	B	B	E	E	A	38.5	25	24.5
292	2	292	17	4	E	E	B	B	E	E	B	40	28.5	13
293	2	293	17	5	E	E	B	B	E	E	B	39.5	22	8.5
294	2	294	17	6	E	E	B	B	D	E	B	41	26.5	33
295	2	295	17	7	E	E	B	B	D	E	C	38.5	26.5	32
296	2	296	17	8	E	E	B	B	D	E	C	39.5	27.5	19
297	2	297	17	9	E	E	B	B	D	E	C	41	27	
298	2	298	17	10	E	E	B	B	D	E	D	40	26.5	37
299	2	299	17	11	E	E	B	B	D	E	D	40	27	18.5
300	2	300	17	12	E	E	B	B	D	E	D	39.5	28	19
301	2	301	17	13	E	E	B	B	D	E	E	40.5	22.5	3
302	2	302	17	14	E	E	B	B	D	E	E	40	26	25
303	2	303	17	15	E	E	B	B	C	E	E	40	27.5	25.5
304	2	304	17	16	E	E	B	B	C	E	F	39.5	27	32.5
305	2	305	17	17	E	E	B	B	C	E	F	40.5	16	28.5
306	2	306	17	18	E	E	B	B	C	E	F	40	26.5	24
307	2	307	18	1	E	E	B	B	E	E	A	39.5	30.5	22.5
308	2	308	18	2	E	E	B	B	E	E	A	39.5	29.5	19
309	2	309	18	3	E	E	B	B	E	E	A	37.5	22.5	11
310	2	310	18	4	E	E	B	B	E	E	B	38	24.5	
311	2	311	18	5	E	E	B	B	E	E	B	38.5	28.5	
312	2	312	18	6	E	E	B	B	E	E	B	38.5	25.5	30
313	2	313	18	7	E	E	B	B	D	E	C	38.5	32.5	27
314	2	314	18	8	E	E	B	B	D	E	C	41.5	27	
315	1	315	18	9	E	E	B	B	D	E	C	39	30	
316	2	316	18	10	E	E	B	B	D	E	D	41	34	17
317	2	317	18	11	E	E	B	B	D	E	D	39	29.5	27
318	2	318	18	12	E	E	B	B	D	E	D	40	26.5	
319	2	319	18	13	E	E	B	B	D	E	E	39	23.5	20.5
320	2	320	18	14	E	E	B	B	D	E	E	38	27.5	32.5
321	2	321	18	15	E	E	B	B	C	E	E	39.5	27	27
322	2	322	18	16	E	E	B	B	C	E	F	38	25	14.5
323	2	323	18	17	E	E	B	B	C	E	F	39	27.5	21
324	2	324	18	18	E	E	B	B	C	E	F	39	31.5	25
325	2	325	19	1	E	E	B	B	E	E	A	40	23	19
326	2	326	19	2	E	E	B	B	E	E	A	39.5	30	30
327	2	327	19	3	E	E	B	B	E	E	A	40.5	25.5	9
328	2	328	19	4	E	E	B	B	E	E	B	38.5	21.5	23
329	2	329	19	5	E	E	B	B	E	E	B	40	26	5.5
330	2	330	19	6	E	E	B	B	E	E	B	34	22.5	8.5
331	2	331	19	7	E	E	B	B	E	E	C	38.5	28.5	28
332	2	332	19	8	E	E	B	B	E	E	C	39	25	36
333	2	333	19	9	E	E	B	B	D	E	C	37.5	26.5	36
334	2	334	19	10	E	E	B	B	D	E	D	40	21.5	25
335	2	335	19	11	E	E	B	B	D	E	D	39.5	30	
336	2	336	19	12	E	E	B	B	D	E	D	40.5	29.5	
337	2	337	19	13	E	E	B	B	D	E	E	38.5	22	33
338	2	338	19	14	E	E	B	B	D	E	E	37.5	27.5	20
339	2	339	19	15	E	E	B	B	C	E	E	39.5	26	29
340	2	340	19	16	E	E	B	B	C	E	F	41.5	23.5	21.5
341	2	341	19	17	E	E	B	B	C	E	F	40	33	12
342	2	342	19	18	E	E	B	B	C	E	F	39.5	25	12.5
343	2	343	20	1						E	A	39.5	13.5	13
344	2	344	20	2	E	E	B	B		E	A	39	21.5	16
345	3	345	20	3	E	E	B	B	E	E	A	38.33	22.67	16.5
346	2	346	20	4	E	E	B	B	E	E	B	40	22.5	20
347	2	347	20	5	E	E	B	B	E	E	B	38.5	28	16.5
348	2	348	20	6					E	E	B	40	14.5	27
349	2	349	20	7					E	E	C	39	20	9.5
350	2	350	20	8	E	E	B	B	E	E	C	36	23	30
351	2	351	20	9	E	E	B	B	E	E	C	38.5	25.5	33
352	2	352	20	10	E	E	B	B	E	E	D	39.5	23.5	38
353	2	353	20	11	E	E	B	B	E	E	D	39	24	26
354	2	354	20	12	E	E	B	B	E	E	D	40.5	21.5	
355	2	355	20	13	E	E	B	B	E	E	E	39.5	24.5	27.5
356	2	356	20	14	E	E	B	B	C	E	E	40.5	26	22.5
357	2	357	20	15	E	E	B	B	C	E	E	41.5	26	31.5
358	2	358	20	16	E	E	B	B	C	E	F	39.5	25.5	14
359	2	359	20	17	E	E	B	B	C	E	F	38.5	31.5	4.5
360	2	360	20	18	E	E	B	B	C	E	F	38	25.5	8.5
361	2	361	21	2	F	F	B	B		F	A	40	30	14
362	2	362	21	3	F	F	B	B		F	A	38.5	15	18
363	2	363	21	4	F	F	B	B	E	F	B	39.5	22	11
364	2	364	21	5	F	F	B	B	E	F	B	38	21	16.5
365	2	365	21	6	F	F	B	B	E	F	B	40	26.5	14.5
366	2	366	21	7	F	F	B	B	E	F	C	39.5	18	11
367	2	367	21	8	F	F	B	B	E	F	C	40	20	14.5
368	2	368	21	9	F	F	B	B	E	F	C	40	24.5	21.5
369	2	369	21	10	F	F	B	B	E	F	D	40	24.5	23.5
370	2	370	21	11	F	F	B	B	E	F	D	41.5	27.5	23.5
371	2	371	21	12					E	F	D	41	30.5	21.5
372	2	372	21	13	F	F	B	B	E	F	E	40.5	23.5	25
373	2	373	21	14	F	F	B	B	C	F	E	38	26.5	13.5
374	2	374	21	15	F	F	B	B	C	F	E	41	18.5	17.5
375	2	375	21	16	F	F	B	B	C	F	F	40	29.5	9
376	2	376	21	17	F	F	B	B	C	F	F	39.5	26	9.5
377	2	377	21	18					C	F	F	41.5	34	9.5
378	2	378	22	3	F	F	B	B		F	A	37.5	26	13.5
379	2	379	22	4	F	F	B	B		F	B	38.5	24	16.5
380	2	380	22	5	F	F	B	B	E	F	B	39	19	19.5
381	2	381	22	6	F	F	B	B	E	F	B	37.5	15.5	15
382	2	382	22	7	F	F	B	B	E	F	C	40.5	13.5	19
383	2	383	22	8	F	F	B	B	E	F	C	39.5	30	10
384	2	384	22	9	F	F	B	B	E	F	C	39	27	
385	2	385	22	10	F	F	B	B	E	F	D	39.5	26.5	37
386	2	386	22	11	F	F	B	B	E	F	D	38.5	26.5	37
387	2	387	22	12	F	F	B	B	E	F	D	33.5	20	26
388	2	388	22	13	F	F	B	B	E	F	E	38	27	5.5
389	2	389	22	14	F	F	B	B	C	F	E	36.5	28	18
390	2	390	22	15	F	F	B	B	C	F	E	40.5	27.5	15
391	2	391	22	16	F	F	B	B	C	F	F	41.5	13.5	7
392	2	392	22	17	F	F	B	B	C	F	F	41.5	28.5	3.5
393	2	393	22	18					C	F	F	35.5	34	27
394	2	394	23	4	F	F	B	B		F	B	40.5	27	5
395	2	395	23	5	F	F	B	B		F	B	40.5	29	11.5
396	2	396	23	6	F	F	B	B	E	F	B	41.5	21	11
397	2	397	23	7	F	F	B	B	E	F	C	41.5	28	20
398	2	398	23	8	F	F	B	B	E	F	C	40.5	25.5	22
399	2	399	23	9	F	F	B	B	E	F	C	40.5	27	13
400	2	400	23	10	F	F	B	B	E	F	D	40	27	13
401	2	401	23	11	F	F	B	B	E	F	D	39	24	9.5
402	2	402	23	12	F	F	B	B	E	F	D	40	27	14.5
403	2	403	23	13	F	F	B	B	E	F	E	40	26.5	12
404	2	404	23	14					C	F	E	40	32.5	11.5
405	2	405	23	15					C	F	E	40.5	32	17.5
406	2	406	23	16					C	F	F	41	35	12.5
407	2	407	23	17	F	F	B	B	C	F	F	40.5	28	8.5
408	2	408	24	5	F	F	B	B		F	B	39	14.5	4
409	2	409	24	6	F	F	B	B		F	B			
410	2	410	24	7	F	F	B	B	E	F	C	40.5	25.5	7.5
411	2	411	24	8	F	F	B	B	E	F	C	37	22	11.5
412	2	412	24	9	F	F	B	B	E	F	C	40	24.5	3
413	2	413	24	10	F	F	B	B	E	F	D	36.5	21.5	16.5
414	2	414	24	11	F	F	B	B	E	F	D	39	20.5	22
415	2	415	24	12	F	F	B	B	E	F	D	38.5	23.5	12
416	2	416	24	13	F	F	B	B	C	F	E	39	20	5
417	2	417	24	14	F	F	B	B	C	F	E	39.5	22.5	16.5
418	2	418	24	15	F	F	B	B	C	F	E	41	20.5	10
419	2	419	24	16	F	F	B	B	C	F	F	39	19	29
420	2	420	25	6	F	F	B	B		F	B	40.5	17.5	5
421	2	421	25	7	F	F	B	B	E	F	C	41.5	17.5	13.5
422	2	422	25	8	F	F	B	B	E	F	C	41	17.5	12
423	2	423	25	9	F	F	B	B	E	F	C	40.5	24.5	34.5
424	2	424	25	10	F	F	B	B	E	F	D	41	21.5	29
425	2	425	25	11	F	F	B	B	E	F	D	40.5	23	26
426	1	426	25	12	F	F	B	B	E	F	D	43	26	17
427	2	427	25	13	F	F	B	B	C	F	E	40.5	19.5	1
428	2	428	25	14	F	F	B	B	C	F	E	40	20.5	29
429	2	429	25	15	F	F	B	B	C	F	E	41.5	27	23
430	2	430	26	7	F	F	B	B		F	C	40.5	14	9
431	2	431	26	8	F	F	B	B		F	C	41	17.5	13.5
432	2	432	26	9						F	C	39	10	17
433	2	433	26	10	F	F	B	B		F	D	26	21.5	
434	2	434	26	11	F	F	B	B		F	D	33.5	15	12
435	2	435	26	12	F	F	B	B		F	D	40	13	22
436	2	436	26	13	F	F	B	B	C	F	E	39	16.5	13
437	2	437	26	14	F	F	B	B	C	F	E	42.5	21	22
